Finance Asset Code,Asset Type ID,Asset Class ID,Asset Sub Class,SBU,Plant ID,Department ID,Asset User Name,Capitalized On,Cost Center,Description,Make / OEM,Model,Device Serial Number,Source Location ID,Vendor,Quantity,PO Number,Month & Year of Purchase,IT Asset Code ,Status ID
11001036,6,6,Asset Sub Class,Supply Chain,1,5,DISPOSAL,1/15/2014,1017100425,ACER V5-131 MINI LAPTOP,Acer,Aspire,NXM83SI006324166A97600,,,1,,,LT30026,5
11001045,6,6,Asset Sub Class,Supply Chain,1,14,Pankaj Pabuwal,11/4/2015,1017100426,DELL LAPTOP Latitude 3450 I5 5200 U,Dell ,Latitude 3450,CH59042,,,1,,17/10/2015,LT30017,1
11001045,6,6,Asset Sub Class,Supply Chain,1,16,Sunil Jangid,11/4/2015,1017100426,DELL LAPTOP Latitude 3450 I5 5200 U,Dell ,Latitude 3450,BH59042,,,1,,17/10/2015,LT30018,1
11001048,6,6,Asset Sub Class,Supply Chain,1,3,Chinmay kar,4/29/2017,1017100435,DELL LAPTOP Latitude 3460 BTX I5 5200 U,Dell ,Latitude 3460,DFCZ4F2,,1010011588,1,,,LT30033,1
11002960,6,6,Asset Sub Class,Supply Chain,1,18,Snigdha Bhargava,12/3/2018,1017100426,LAPTOP - I5,Dell ,Latitude 7300,C3KT9Y2,,1010016106,1,,12/1/2018,LT00216,1
11003120,6,6,Asset Sub Class,Supply Chain,1,5,S S Naruka,3/4/2019,1017100426,Dell Latitude 3490 Laptop,Dell ,Latitude 3490,4QWH8T2,,1010011588,1,,3/4/2019,LT30035,1
11004076,6,6,Asset Sub Class,Supply Chain,1,4,Pradeep Kumar Agarwal,3/1/2020,1017100426,Dell Latitude 3400 Laptop,Dell ,Latitude 3400,1T2PHW2,,1010006510,1,,,LT30037,1
11004806,6,6,Asset Sub Class,Supply Chain,1,2,AMIT SRIVASTAVA,2/1/2021,1017100426,Dell Latitude 3410 Laptop,Dell ,Latitude 3410,HZQ8D63,,1010006510,1,,,LT30040,1
11005124,6,6,Asset Sub Class,Supply Chain,1,1,Neha Sharma,4/29/2017,1017100426,DELL LAPTOP Latitude 3460 BTX I5 5200 U,Dell ,Latitude 3460,3MDZ4F2,,,1,,,LT30020,1
11003120,6,6,Asset Sub Class,Supply Chain,1,5,Presentation,3/4/2019,1017100426,Dell Latitude 3490 Laptop,Dell ,Latitude 3490,BPWHT2,,1010011588,1,,3/4/2019,LT30036,3
11004076,6,6,Asset Sub Class,Supply Chain,1,17,C M Sharma,3/1/2020,1017100426,Dell Latitude 3400 Laptop,Dell ,Latitude 3400,HS2PHW2,,1010011588,1,,,LT30038,1
11005124,6,6,Asset Sub Class,Supply Chain,1,2,Smruti Ranjan Dwibedy,4/29/2017,1017100426,DELL LAPTOP Latitude 3460 BTX I5 5200 U,Dell ,Latitude 3460,2MDZ4F2,,,1,,,LT30025,1
11004076,6,6,Asset Sub Class,Supply Chain,1,19,Rohit Jhalani,3/1/2020,1017100426,Dell Latitude 3400 Laptop,Dell,Latitude 3400,JS2PHW2,,1010011588,1,,,LT30039,1
11005660,6,6,Asset Sub Class,Supply Chain,1,2,P K Gupta,1/11/2021,1017100426,Dell Latitude 3420 Laptop LT30041,Dell,Latitude 3420,C7V0HG3,,,1,,,LT30041,1
11005661,6,6,Asset Sub Class,Supply Chain,1,13,P D Badaya,1/11/2021,1017100426,Dell Latitude 3420 Laptop LT30042,Dell,Latitude 3420,F7V0HG3,,,1,,,LT30042,1
11005662,6,6,Asset Sub Class,Supply Chain,1,10,ARUN KUMAR MAKKAR,1/11/2021,1017100426,Dell Latitude 3420 Laptop LT30043,Dell,Latitude 3420,G7H0HG3,,,1,,,LT30043,1
11005663,6,6,Asset Sub Class,Supply Chain,1,7,Rahul Goyal,1/11/2021,1017100426,Dell Latitude 3420 Laptop LT30044,Dell,Latitude 3420,H7V0HG3,,,1,,,LT30044,1
11005664,6,6,Asset Sub Class,Supply Chain,1,3,Manish Agarwal,1/11/2021,1017100426,Dell Latitude 3420 Laptop LT30045,Dell,Latitude 3420,J7V0HG3,,,1,,,LT30045,1
11005665,6,6,Asset Sub Class,Supply Chain,1,20,Vikas Baggar,1/11/2021,1017100426,Dell Latitude 3420 Laptop LT30046,Dell,Latitude 3420,18V0HG3,,,1,,,LT30046,1
11005666,6,6,Asset Sub Class,Supply Chain,1,14,Pankaj Pabuwal,1/11/2021,1017100426,Dell Latitude 3420 Laptop LT30047,Dell,Latitude 3420,28V0HG3,,,1,,,LT30047,1
11005667,6,6,Asset Sub Class,Supply Chain,1,5,Ravi Pandey,1/11/2021,1017100426,Dell Latitude 3420 Laptop LT30048,Dell,Latitude 3420,D7V0HG3,,,1,,,LT30048,1
11005668,6,6,Asset Sub Class,Supply Chain,1,11,Amit Patange,1/11/2021,1017100426,Dell Latitude 3420 Laptop LT30049,Dell,Latitude 3420,B7V0HG3,,,1,,,LT30049,1
11004775,6,6,Asset Sub Class,Supply Chain,1,2,Vinay Seelam,,1017100426,Dell 3410 Laptop LT30051,Dell,Latitude 3410,GBV4F63,,,1,,2/8/2021,LT30051,1
